{"initial_reset_timestamp": 1750517667.3740487, "timestamps": [1750517675.9900393], "episode_lengths": [2004], "episode_rewards": [21.0], "episode_types": ["t", "t"]}