{"initial_reset_timestamp": 1756196972.8455412, "timestamps": [1756196980.0705307], "episode_lengths": [2004], "episode_rewards": [21.0], "episode_types": ["t", "t"]}